"discovery_id","first_decision","second_decision","consensus_decision","sample_role","calibration_excluded"
"FMS1181","EXCLUDE","EXCLUDE","EXCLUDE","formal_random_screening_sample","true"
"FMS0571","EXCLUDE","EXCLUDE","EXCLUDE","formal_random_screening_sample","true"
"FMS0506","EXCLUDE","EXCLUDE","EXCLUDE","formal_random_screening_sample","true"
"FMS0355","EXCLUDE","EXCLUDE","EXCLUDE","formal_random_screening_sample","true"
"FMS1384","EXCLUDE","EXCLUDE","EXCLUDE","formal_random_screening_sample","true"
"FMS1392","EXCLUDE","EXCLUDE","EXCLUDE","formal_random_screening_sample","true"
"FMS0415","EXCLUDE","EXCLUDE","EXCLUDE","formal_random_screening_sample","true"
"FMS0604","RETAIN","EXCLUDE","RETAIN","formal_random_screening_sample","true"
"FMS0042","EXCLUDE","EXCLUDE","EXCLUDE","formal_random_screening_sample","true"
"FMS0981","EXCLUDE","EXCLUDE","EXCLUDE","formal_random_screening_sample","true"
"FMS1083","RETAIN","RETAIN","RETAIN","formal_random_screening_sample","true"
"FMS0049","RETAIN","EXCLUDE","RETAIN","formal_random_screening_sample","true"
"FMS0495","EXCLUDE","EXCLUDE","EXCLUDE","formal_random_screening_sample","true"
"FMS1112","EXCLUDE","EXCLUDE","EXCLUDE","formal_random_screening_sample","true"
"FMS1087","RETAIN","RETAIN","RETAIN","formal_random_screening_sample","true"
"FMS1043","EXCLUDE","EXCLUDE","EXCLUDE","formal_random_screening_sample","true"
"FMS1410","EXCLUDE","EXCLUDE","EXCLUDE","formal_random_screening_sample","true"
"FMS0368","EXCLUDE","EXCLUDE","EXCLUDE","formal_random_screening_sample","true"
"FMS1167","EXCLUDE","EXCLUDE","EXCLUDE","formal_random_screening_sample","true"
"FMS0442","EXCLUDE","EXCLUDE","EXCLUDE","formal_random_screening_sample","true"
"FMS1515","EXCLUDE","EXCLUDE","EXCLUDE","formal_random_screening_sample","true"
"FMS1128","RETAIN","RETAIN","RETAIN","formal_random_screening_sample","true"
"FMS0291","EXCLUDE","EXCLUDE","EXCLUDE","formal_random_screening_sample","true"
"FMS0321","EXCLUDE","EXCLUDE","EXCLUDE","formal_random_screening_sample","true"
"FMS0206","RETAIN","EXCLUDE","EXCLUDE","formal_random_screening_sample","true"
"FMS1206","EXCLUDE","EXCLUDE","EXCLUDE","formal_random_screening_sample","true"
"FMS0559","EXCLUDE","EXCLUDE","EXCLUDE","formal_random_screening_sample","true"
"FMS1232","EXCLUDE","EXCLUDE","EXCLUDE","formal_random_screening_sample","true"
"FMS0354","EXCLUDE","EXCLUDE","EXCLUDE","formal_random_screening_sample","true"
"FMS1369","EXCLUDE","EXCLUDE","EXCLUDE","formal_random_screening_sample","true"
"FMS0531","EXCLUDE","EXCLUDE","EXCLUDE","formal_random_screening_sample","true"
"FMS1142","EXCLUDE","EXCLUDE","EXCLUDE","formal_random_screening_sample","true"
"FMS1434","EXCLUDE","EXCLUDE","EXCLUDE","formal_random_screening_sample","true"
"FMS1487","EXCLUDE","EXCLUDE","EXCLUDE","formal_random_screening_sample","true"
"FMS0356","EXCLUDE","EXCLUDE","EXCLUDE","formal_random_screening_sample","true"
"FMS0237","EXCLUDE","EXCLUDE","EXCLUDE","formal_random_screening_sample","true"
"FMS0558","RETAIN","RETAIN","RETAIN","formal_random_screening_sample","true"
"FMS1000","EXCLUDE","EXCLUDE","EXCLUDE","formal_random_screening_sample","true"
"FMS0572","EXCLUDE","EXCLUDE","EXCLUDE","formal_random_screening_sample","true"
"FMS0318","EXCLUDE","EXCLUDE","EXCLUDE","formal_random_screening_sample","true"
"FMS0045","EXCLUDE","EXCLUDE","EXCLUDE","formal_random_screening_sample","true"
"FMS0644","EXCLUDE","EXCLUDE","EXCLUDE","formal_random_screening_sample","true"
"FMS0461","EXCLUDE","EXCLUDE","EXCLUDE","formal_random_screening_sample","true"
"FMS0328","EXCLUDE","EXCLUDE","EXCLUDE","formal_random_screening_sample","true"
"FMS1628","EXCLUDE","EXCLUDE","EXCLUDE","formal_random_screening_sample","true"
"FMS0470","EXCLUDE","EXCLUDE","EXCLUDE","formal_random_screening_sample","true"
"FMS1521","EXCLUDE","EXCLUDE","EXCLUDE","formal_random_screening_sample","true"
"FMS1624","EXCLUDE","EXCLUDE","EXCLUDE","formal_random_screening_sample","true"
"FMS1329","EXCLUDE","EXCLUDE","EXCLUDE","formal_random_screening_sample","true"
"FMS1470","EXCLUDE","EXCLUDE","EXCLUDE","formal_random_screening_sample","true"
"FMS1163","EXCLUDE","EXCLUDE","EXCLUDE","formal_random_screening_sample","true"
"FMS0635","EXCLUDE","RETAIN","RETAIN","formal_random_screening_sample","true"
"FMS0098","EXCLUDE","EXCLUDE","EXCLUDE","formal_random_screening_sample","true"
"FMS1550","EXCLUDE","EXCLUDE","EXCLUDE","formal_random_screening_sample","true"
"FMS1006","EXCLUDE","EXCLUDE","EXCLUDE","formal_random_screening_sample","true"
"FMS1264","EXCLUDE","RETAIN","RETAIN","formal_random_screening_sample","true"
"FMS0066","EXCLUDE","EXCLUDE","EXCLUDE","formal_random_screening_sample","true"
"FMS0190","EXCLUDE","EXCLUDE","EXCLUDE","formal_random_screening_sample","true"
"FMS1123","EXCLUDE","EXCLUDE","EXCLUDE","formal_random_screening_sample","true"
"FMS0578","RETAIN","EXCLUDE","RETAIN","formal_random_screening_sample","true"
"FMS0568","RETAIN","EXCLUDE","EXCLUDE","formal_random_screening_sample","true"
"FMS1180","EXCLUDE","EXCLUDE","EXCLUDE","formal_random_screening_sample","true"
"FMS0046","EXCLUDE","EXCLUDE","EXCLUDE","formal_random_screening_sample","true"
"FMS0432","EXCLUDE","EXCLUDE","EXCLUDE","formal_random_screening_sample","true"
"FMS1567","EXCLUDE","EXCLUDE","EXCLUDE","formal_random_screening_sample","true"
"FMS0171","EXCLUDE","EXCLUDE","EXCLUDE","formal_random_screening_sample","true"
"FMS0645","EXCLUDE","EXCLUDE","EXCLUDE","formal_random_screening_sample","true"
"FMS0231","EXCLUDE","EXCLUDE","EXCLUDE","formal_random_screening_sample","true"
"FMS0825","RETAIN","RETAIN","RETAIN","formal_random_screening_sample","true"
"FMS0383","EXCLUDE","EXCLUDE","EXCLUDE","formal_random_screening_sample","true"
"FMS1113","EXCLUDE","EXCLUDE","EXCLUDE","formal_random_screening_sample","true"
"FMS1235","EXCLUDE","EXCLUDE","EXCLUDE","formal_random_screening_sample","true"
"FMS0894","EXCLUDE","EXCLUDE","EXCLUDE","formal_random_screening_sample","true"
"FMS1308","EXCLUDE","EXCLUDE","EXCLUDE","formal_random_screening_sample","true"
"FMS1215","EXCLUDE","EXCLUDE","EXCLUDE","formal_random_screening_sample","true"
"FMS0574","EXCLUDE","EXCLUDE","EXCLUDE","formal_random_screening_sample","true"
"FMS0278","EXCLUDE","RETAIN","RETAIN","formal_random_screening_sample","true"
"FMS0401","RETAIN","RETAIN","RETAIN","formal_random_screening_sample","true"
"FMS0227","EXCLUDE","EXCLUDE","EXCLUDE","formal_random_screening_sample","true"
"FMS1490","EXCLUDE","RETAIN","EXCLUDE","formal_random_screening_sample","true"
"FMS0295","EXCLUDE","EXCLUDE","EXCLUDE","formal_random_screening_sample","true"
"FMS0214","RETAIN","RETAIN","RETAIN","formal_random_screening_sample","true"
"FMS0859","EXCLUDE","EXCLUDE","EXCLUDE","formal_random_screening_sample","true"
"FMS0828","EXCLUDE","EXCLUDE","EXCLUDE","formal_random_screening_sample","true"
"FMS0198","EXCLUDE","EXCLUDE","EXCLUDE","formal_random_screening_sample","true"
"FMS1382","EXCLUDE","EXCLUDE","EXCLUDE","formal_random_screening_sample","true"
"FMS0196","EXCLUDE","EXCLUDE","EXCLUDE","formal_random_screening_sample","true"
"FMS1525","EXCLUDE","EXCLUDE","EXCLUDE","formal_random_screening_sample","true"
"FMS1479","EXCLUDE","EXCLUDE","EXCLUDE","formal_random_screening_sample","true"
"FMS0627","EXCLUDE","EXCLUDE","EXCLUDE","formal_random_screening_sample","true"
"FMS0579","EXCLUDE","EXCLUDE","EXCLUDE","formal_random_screening_sample","true"
"FMS0238","EXCLUDE","EXCLUDE","EXCLUDE","formal_random_screening_sample","true"
"FMS0945","RETAIN","RETAIN","RETAIN","formal_random_screening_sample","true"
"FMS1209","EXCLUDE","EXCLUDE","EXCLUDE","formal_random_screening_sample","true"
"FMS1413","EXCLUDE","EXCLUDE","EXCLUDE","formal_random_screening_sample","true"
"FMS1222","EXCLUDE","EXCLUDE","EXCLUDE","formal_random_screening_sample","true"
"FMS1010","EXCLUDE","EXCLUDE","EXCLUDE","formal_random_screening_sample","true"
"FMS0599","EXCLUDE","EXCLUDE","EXCLUDE","formal_random_screening_sample","true"
"FMS0640","EXCLUDE","EXCLUDE","EXCLUDE","formal_random_screening_sample","true"
"FMS1492","RETAIN","RETAIN","RETAIN","formal_random_screening_sample","true"
"FMS1335","EXCLUDE","EXCLUDE","EXCLUDE","formal_random_screening_sample","true"
"FMS0890","RETAIN","RETAIN","RETAIN","formal_random_screening_sample","true"
"FMS0823","EXCLUDE","EXCLUDE","EXCLUDE","formal_random_screening_sample","true"
"FMS0904","RETAIN","RETAIN","RETAIN","formal_random_screening_sample","true"
"FMS0165","EXCLUDE","EXCLUDE","EXCLUDE","formal_random_screening_sample","true"
"FMS0516","EXCLUDE","EXCLUDE","EXCLUDE","formal_random_screening_sample","true"
"FMS0817","EXCLUDE","EXCLUDE","EXCLUDE","formal_random_screening_sample","true"
"FMS0619","RETAIN","RETAIN","RETAIN","formal_random_screening_sample","true"
"FMS1481","EXCLUDE","EXCLUDE","EXCLUDE","formal_random_screening_sample","true"
"FMS0753","RETAIN","RETAIN","RETAIN","formal_random_screening_sample","true"
"FMS0639","EXCLUDE","EXCLUDE","EXCLUDE","formal_random_screening_sample","true"
"FMS1364","EXCLUDE","EXCLUDE","EXCLUDE","formal_random_screening_sample","true"
"FMS0511","EXCLUDE","EXCLUDE","EXCLUDE","formal_random_screening_sample","true"
"FMS0085","EXCLUDE","EXCLUDE","EXCLUDE","formal_random_screening_sample","true"
"FMS0031","EXCLUDE","EXCLUDE","EXCLUDE","formal_random_screening_sample","true"
"FMS1520","EXCLUDE","EXCLUDE","EXCLUDE","formal_random_screening_sample","true"
"FMS0118","EXCLUDE","EXCLUDE","EXCLUDE","formal_random_screening_sample","true"
"FMS0490","EXCLUDE","EXCLUDE","EXCLUDE","formal_random_screening_sample","true"
"FMS1311","EXCLUDE","EXCLUDE","EXCLUDE","formal_random_screening_sample","true"
"FMS0449","EXCLUDE","EXCLUDE","EXCLUDE","formal_random_screening_sample","true"
"FMS0319","EXCLUDE","EXCLUDE","EXCLUDE","formal_random_screening_sample","true"
"FMS1607","RETAIN","RETAIN","RETAIN","formal_random_screening_sample","true"
"FMS0548","EXCLUDE","EXCLUDE","EXCLUDE","formal_random_screening_sample","true"
"FMS1101","EXCLUDE","EXCLUDE","EXCLUDE","formal_random_screening_sample","true"
"FMS1276","EXCLUDE","EXCLUDE","EXCLUDE","formal_random_screening_sample","true"
"FMS1245","EXCLUDE","EXCLUDE","EXCLUDE","formal_random_screening_sample","true"
"FMS1009","EXCLUDE","EXCLUDE","EXCLUDE","formal_random_screening_sample","true"
"FMS0820","EXCLUDE","EXCLUDE","EXCLUDE","formal_random_screening_sample","true"
"FMS1320","EXCLUDE","EXCLUDE","EXCLUDE","formal_random_screening_sample","true"
"FMS0326","EXCLUDE","EXCLUDE","EXCLUDE","formal_random_screening_sample","true"
"FMS1036","EXCLUDE","RETAIN","RETAIN","formal_random_screening_sample","true"
"FMS0460","EXCLUDE","EXCLUDE","EXCLUDE","formal_random_screening_sample","true"
"FMS0760","EXCLUDE","EXCLUDE","EXCLUDE","formal_random_screening_sample","true"
"FMS1474","EXCLUDE","EXCLUDE","EXCLUDE","formal_random_screening_sample","true"
"FMS0588","EXCLUDE","EXCLUDE","EXCLUDE","formal_random_screening_sample","true"
"FMS1076","RETAIN","RETAIN","RETAIN","formal_random_screening_sample","true"
"FMS0282","EXCLUDE","EXCLUDE","EXCLUDE","formal_random_screening_sample","true"
"FMS0909","EXCLUDE","EXCLUDE","EXCLUDE","formal_random_screening_sample","true"
"FMS1177","EXCLUDE","EXCLUDE","EXCLUDE","formal_random_screening_sample","true"
"FMS0411","EXCLUDE","EXCLUDE","EXCLUDE","formal_random_screening_sample","true"
"FMS0546","EXCLUDE","EXCLUDE","EXCLUDE","formal_random_screening_sample","true"
"FMS1343","EXCLUDE","EXCLUDE","EXCLUDE","formal_random_screening_sample","true"
"FMS0387","EXCLUDE","EXCLUDE","EXCLUDE","formal_random_screening_sample","true"
"FMS0166","RETAIN","EXCLUDE","EXCLUDE","formal_random_screening_sample","true"
"FMS0056","EXCLUDE","EXCLUDE","EXCLUDE","formal_random_screening_sample","true"
"FMS0673","EXCLUDE","EXCLUDE","EXCLUDE","formal_random_screening_sample","true"
"FMS0643","EXCLUDE","EXCLUDE","EXCLUDE","formal_random_screening_sample","true"
"FMS0007","EXCLUDE","EXCLUDE","EXCLUDE","formal_random_screening_sample","true"
"FMS0532","EXCLUDE","EXCLUDE","EXCLUDE","formal_random_screening_sample","true"
"FMS0093","EXCLUDE","EXCLUDE","EXCLUDE","formal_random_screening_sample","true"
"FMS0024","EXCLUDE","EXCLUDE","EXCLUDE","formal_random_screening_sample","true"
"FMS0632","EXCLUDE","EXCLUDE","EXCLUDE","formal_random_screening_sample","true"
"FMS0692","EXCLUDE","EXCLUDE","EXCLUDE","formal_random_screening_sample","true"
